Monday,1 2 3 4 5 6 7 8 10 11 12 13 14 15 16 17
Tuesday,1 2 3 4 5 6 7 8 10 11 12 13 14 15 16 17
Wednesday,1 2 3 4 5 6 7 8 10 11 12 13 14 15 16 17
Thursday,1 2 3 4 5 6 7 8 10 11 12 13 14 15 16 17
Friday,1 2 3 4 5 6 7 8 10 11 12 13 14 15 16 17
Monday,23 24 25 26 27 28 29 30 31 33 34 35 36 37 38 39 40
Tuesday,23 24 25 26 27 28 29 30 31 33 34 35 36 37 38 39 40
Wednesday,23 24 25 26 27 28 29 30 31 33 34 35 36 37 38 39 40
Thursday,23 24 25 26 27 28 29 30 31 33 34 35 36 37 38 39 40
Friday,23 24 25 26 27 28 29 30 31 33 34 35 36 37 38 39 40
Monday,47 48 49 50 51
Tuesday,47 48 49 50 51
Wednesday,47 48 49 50 51
Thursday,47 48 49 50 51
Friday,47 48 49 50 51
